Marie Martin,marie1@example.com,Belgique
Jean Dupont,jean2@example.com,France
Marie Martin,marie3@example.com,Belgique
Jean Dupont,jean4@example.com,France
Marie Martin,marie5@example.com,Belgique
Jean Dupont,jean6@example.com,France
Marie Martin,marie7@example.com,Belgique
Jean Dupont,jean6@example.com,France
Marie Martin,marie7@example.com,Belgique
Jean Dupont,jean8@example.com,France
Marie Martin,marie9@example.com,Belgique
Jean Dupont,jean10@example.com,France
Marie Martin,marie11@example.com,Belgique
Jean Dupont,jean12@example.com,France
Marie Martin,marie13@example.com,Belgique
Jean Dupont,jean14@example.com,France
Marie Martin,marie15@example.com,Belgique
Jean Dupont,jean16@example.com,France
Marie Martin,marie17@example.com,Cameroun
Jean Dupont,jean18@example.com,France
Marie Martin,marie19@example.com,Belgique
Jean Dupont,jean20@example.com,France
Marie Martin,marie21@example.com,Belgique
Jean Dupont,jean22@example.com,France
Marie Martin,marie23@example.com,Belgique
Jean Dupont,jean24@example.com,France
Marie Martin,marie25@example.com,Belgique
Jean Dupont,jean26@example.com,France
Marie Martin,marie27@example.com,Belgique
Jean Dupont,jean28@example.com,France
Marie Martin,marie29@example.com,Belgique
Jean Dupont,jean30@example.com,France
Marie Martin,marie31@example.com,Belgique
Jean Dupont,jean32@example.com,France
Marie Martin,marie33@example.com,Belgique
Jean Dupont,jean34@example.com,France
Marie Martin,marie35@example.com,Belgique
Jean Dupont,jean36@example.com,France
Marie Martin,marie37@example.com,Belgique
Jean Dupont,jean38@example.com,France
Marie Martin,marie39@example.com,Belgique
Jean Dupont,jean40@example.com,France
Marie Martin,marie41@example.com,Belgique
Jean Dupont,jean42@example.com,France
Marie Martin,marie43@example.com,Belgique
Jean Dupont,jean44@example.com,France
Marie Martin,marie45@example.com,Belgique
Jean Dupont,jean46@example.com,France
Marie Martin,marie47@example.com,Belgique
Jean Dupont,jean48@example.com,France
Marie Martin,marie49@example.com,Belgique
Jean Dupont,jean50@example.com,France
Marie Martin,marie51@example.com,Belgique
Jean Dupont,jean52@example.com,France
Marie Martin,marie53@example.com,Belgique
Jean Dupont,jean54@example.com,France
Marie Martin,marie55@example.com,Belgique
Jean Dupont,jean56@example.com,France
Marie Martin,marie57@example.com,Belgique
Jean Dupont,jean58@example.com,France
Marie Martin,marie59@example.com,Belgique
Jean Dupont,jean60@example.com,France
Marie Martin,marie61@example.com,Belgique
Jean Dupont,jean62@example.com,France
Marie Martin,marie63@example.com,Belgique
Jean Dupont,jean64@example.com,France
Marie Martin,marie65@example.com,Belgique
Jean Dupont,jean66@example.com,France
Marie Martin,marie67@example.com,Belgique
Jean Dupont,jean68@example.com,France
Marie Martin,marie69@example.com,Belgique
Jean Dupont,jean70@example.com,France
Marie Martin,marie71@example.com,Belgique
Jean Dupont,jean72@example.com,France
Marie Martin,marie73@example.com,Belgique
Jean Dupont,jean74@example.com,France
Marie Martin,marie75@example.com,Belgique
Jean Dupont,jean76@example.com,France
Marie Martin,marie77@example.com,Belgique
Jean Dupont,jean78@example.com,France
Marie Martin,marie79@example.com,Belgique
Jean Dupont,jean80@example.com,France
Marie Martin,marie81@example.com,Belgique
Jean Dupont,jean82@example.com,France
Marie Martin,marie83@example.com,Belgique
Jean Dupont,jean84@example.com,France
Marie Martin,marie85@example.com,Belgique
Jean Dupont,jean86@example.com,France
Marie Martin,marie87@example.com,Belgique
Jean Dupont,jean88@example.com,France
Marie Martin,marie89@example.com,Belgique
Jean Dupont,jean90@example.com,France
Marie Martin,marie91@example.com,Belgique
Jean Dupont,jean92@example.com,France
Marie Martin,marie93@example.com,Belgique
Jean Dupont,jean94@example.com,France
Marie Martin,marie95@example.com,Belgique
Jean Dupont,jean96@example.com,France
Marie Martin,marie97@example.com,Belgique
Jean Dupont,jean98@example.com,France
Marie Martin,marie99@example.com,Belgique
Jean Dupont,jean100@example.com,France
